isin,date
IE00BLP1HW54,2018Q4
INE001A01036,2018Q4
BRNTCOACNOR5,2018Q4
US69047Q1022,2018Q4
COJ26CD43867,2018Q4
COJ26CD43735,2018Q4
COJ26CD43214,2018Q4
COJ26CD43206,2018Q4
COB13CD36734,2018Q4
COB13CD38730,2018Q4
COB13CD47046,2018Q4
COB13CD15746,2018Q4
COB13CD33129,2018Q4
COB13CD34010,2018Q4
COB19CD0V9P1,2018Q4
COB02CD17919,2018Q4
COB02CD19899,2018Q4
COB02CD17943,2018Q4
COB02CD20087,2018Q4
COB02CD20103,2018Q4
COB02CD24113,2018Q4
COB02CD22604,2018Q4
COB19CD0WTF5,2018Q4
COB19CD00LT5,2018Q4
COB19CD0XAV0,2018Q4
COB19CD0XN53,2018Q4
COB19CD0YE53,2018Q4
COB19CD0YR09,2018Q4
COB19CD0YSQ0,2018Q4
COB19CD0UA10,2018Q4
COB19CD12NJ7,2018Q4
COB19CD13LL5,2018Q4
COB19CD0VVK3,2018Q4
COB19CD10AE9,2018Q4
COB65CD00599,2018Q4
COB52CD48752,2018Q4
COB52CD48125,2018Q4
COB52CD47127,2018Q4
COB13CD76938,2018Q4
COB13CD71426,2018Q4
COB13CD75302,2018Q4
COB13CD67176,2018Q4
COB13CD66228,2018Q4
COB13CD73679,2018Q4
COB13CD67713,2018Q4
COB13CD73869,2018Q4
COB13CD07SN1,2018Q4
COB13CD63043,2018Q4
COB13CD85202,2018Q4
COB13CD74966,2018Q4
COB13CD68844,2018Q4
COB13CD67010,2018Q4
COB13CD67192,2018Q4
COB13CD67762,2018Q4
COB61CD20XS2,2018Q4
COB51CD01JP8,2018Q4
COB51CD01KF7,2018Q4
COB51CD01R85,2018Q4
COB51CD02HH7,2018Q4
COB51CD02HV8,2018Q4
COB51CD02NQ6,2018Q4
COB51CD00VU5,2018Q4
COB51CD02O38,2018Q4
COB51CD02IA0,2018Q4
COB51CD02LT4,2018Q4
COB51CD01PH2,2018Q4
COB51CD03CG8,2018Q4
COB51CD00VV3,2018Q4
COB01CD04VY4,2018Q4
COB01CD06YS5,2018Q4
COB01CD06YX5,2018Q4
COB01CD07MD0,2018Q4
COB56CD0WBK7,2018Q4
COB56CD175B6,2018Q4
COB06CD1ECT3,2018Q4
COB06CD1FLC7,2018Q4
COB31CD07166,2018Q4
COB07CD04NZ5,2018Q4
COB07CD04XP5,2018Q4
COB07CD01AX3,2018Q4
COB07CD05C34,2018Q4
COB07CD077L3,2018Q4
COB07CD07X29,2018Q4
COB07CD05FV7,2018Q4
COB07CD07CE6,2018Q4
COB07CD07F47,2018Q4
COB07CD07F21,2018Q4
COB07CD08PJ5,2018Q4
COB07CD05JJ4,2018Q4
COB07CD09BD6,2018Q4
COB07CD09CL7,2018Q4
COB07CD09HT9,2018Q4
COB07CD09OB3,2018Q4
COB07CD09P76,2018Q4
COB07CD09T15,2018Q4
COB07CD07V96,2018Q4
COB07CD0A3U4,2018Q4
COB07CD0A3T6,2018Q4
COB74CD01623,2018Q4
COJ12CD0PSU9,2018Q4
COJ12CD0PPJ8,2018Q4
COJ12CD0PVJ6,2018Q4
COJ12CD0PVR9,2018Q4
COJ12CD0PWP1,2018Q4
COJ12CD0PWZ0,2018Q4
COJ12CD0PY58,2018Q4
COL06CD15897,2018Q4
COL06CD15293,2018Q4
COL06CD11466,2018Q4
COL06CD14668,2018Q4
COL06CD14965,2018Q4
COL06CD17521,2018Q4
COL06CD14031,2018Q4
COL06CD17018,2018Q4
COL06CD17083,2018Q4
COL06CD16069,2018Q4
COL06CD17836,2018Q4
COB51CD01TW3,2018Q4
COB51CD01UK6,2018Q4
COB51CD02GT4,2018Q4
COB51CD01RX5,2018Q4
COB51CD020K0,2018Q4
COB51CD03FG1,2018Q4
COB51CD03FN7,2018Q4
COB51CD03H02,2018Q4
COB51CD03HL7,2018Q4
COB51CD03I50,2018Q4
COB51CD03IF7,2018Q4
COB51CD01RZ0,2018Q4
COB51CD03JB4,2018Q4
COB51CD03M47,2018Q4
COB51CD01US9,2018Q4
COB51CD03MM5,2018Q4
COB51CD03RK8,2018Q4
COB51CD03XN0,2018Q4
COB51CD03MC6,2018Q4
COB51CD03N61,2018Q4
COB12CD02PJ8,2018Q4
COB01CD06O35,2018Q4
COB01CD06D61,2018Q4
COB01CD065X9,2018Q4
COB01CD07IX6,2018Q4
COB01CD06DB5,2018Q4
COB01CD065L4,2018Q4
COB23CD50262,2018Q4
COB23CD50221,2018Q4
COB23CD50320,2018Q4
COB23CD16545,2018Q4
COB23CD50023,2018Q4
COB23CD56756,2018Q4
COB02CD20244,2018Q4
COB02CD21598,2018Q4
COB02CD20160,2018Q4
COB19CD0OU97,2018Q4
COB52CD54990,2018Q4
COB06CD09081,2018Q4
COB64CD06KZ7,2018Q4
COB07CD45984,2018Q4
COB07CD06QN9,2018Q4
COB07CD05ZS1,2018Q4
COB07CD05UK9,2018Q4
COB07CD05UT0,2018Q4
COB07CD004F9,2018Q4
COB07CD06Q60,2018Q4
COB07CD06P04,2018Q4
COB07CD03FN9,2018Q4
COB07CD0A8F4,2018Q4
COB07CD08ZZ0,2018Q4
COJ12CD0PPY7,2018Q4
COJ12CD0PTC5,2018Q4
COJ12CD0PTD3,2018Q4
COJ12CD0PNX4,2018Q4
COJ12CD0PR65,2018Q4
COJ12CD0Q033,2018Q4
COL06CD09544,2018Q4
COJ70CD58590,2018Q4
COB23CD59008,2018Q4
COB23CD62457,2018Q4
COB23CD62937,2018Q4
COJ05CD02PV0,2018Q4
COJ1GCD00025,2018Q4
COJ1GCD00017,2018Q4
COJ70CD66395,2018Q4
COL06CD17075,2018Q4
COL06CD14023,2018Q4
COJ70CD62832,2018Q4
COJ12CD0PVL2,2018Q4
COB63CD0F107,2018Q4
COB19CD0VIE3,2018Q4
COB19CD0UTS2,2018Q4
COB52CD47622,2018Q4
COB19CD0QRJ3,2018Q4
COL06CD14296,2018Q4
COB01CD05NR2,2018Q4
COL06CD12738,2018Q4
COB06CD0WJE4,2018Q4
COJ26CD43081,2018Q4
COJ26CD41804,2018Q4
COB13CD68877,2018Q4
COB07CD04OO7,2018Q4
COJ12CD0PLY6,2018Q4
COB52CD47614,2018Q4
COB07CD07B90,2018Q4
COB51CD02FF5,2018Q4
COB06CD16H03,2018Q4
COL06CD15301,2018Q4
COB19CD0TE68,2018Q4
COB19CD0SBH7,2018Q4
COB19CD0VJR3,2018Q4
COB58CD90553,2018Q4
COB07CD08MP9,2018Q4
COB13CD08JS7,2018Q4
COB51CD01AP7,2018Q4
COB68CD04Q01,2018Q4
COJ05CD02XK7,2018Q4
COB64CD07AI2,2018Q4
COB06CD1ECR7,2018Q4
COJ05CD03MB7,2018Q4
COB64CD07KS0,2018Q4
COB68CD07R07,2018Q4
COB07CD0A8G2,2018Q4
COB51CD01DP1,2018Q4
COB19CD17N66,2018Q4
COB51CD01RN6,2018Q4
COL06CD17794,2018Q4
COB01CD08GD0,2018Q4
COJ05CD03Q26,2018Q4
COB01CD088G6,2018Q4
COB51CD01H04,2018Q4
COJ05CD03HZ6,2018Q4
COB02CD24857,2018Q4
COB01CD07DH0,2018Q4
COB02CD24436,2018Q4
COB01CD07WZ2,2018Q4
COB52CD53174,2018Q4
COB01CD07SN6,2018Q4
COB06CD1C6Q4,2018Q4
COB06CD1C6J9,2018Q4
COB52CD52358,2018Q4
COB52CD52317,2018Q4
COJ05CD031G4,2018Q4
COB02CD23230,2018Q4
COB06CD1B559,2018Q4
COB02CD23156,2018Q4
COJ70CD63236,2018Q4
COJ05CD02YP4,2018Q4
COB19CD0VIC7,2018Q4
COB06CD18OQ4,2018Q4
COL06CD15814,2018Q4
COB56CD13BF0,2018Q4
COB51CD02EP7,2018Q4
COB56CD19KI2,2018Q4
COB56CD18WP4,2018Q4
COB51CD03ID2,2018Q4
COB51CD03P28,2018Q4
COB51CD02FV2,2018Q4
COB51CD02FB4,2018Q4
COB51CD048O3,2018Q4
COB51CD02U63,2018Q4
COB07CD09E20,2018Q4
COB07CD09BN5,2018Q4
COB23CD49991,2018Q4
COJ12CD0PZO7,2018Q4
COB07CD07VA4,2018Q4
COB07CD07V88,2018Q4
COB02CD25623,2018Q4
COB06CD1ECS5,2018Q4
COE16CP00012,2018Q4
COB19CD0VLE7,2018Q4
COL06CD16994,2018Q4
COB07CD07VO5,2018Q4
COB51CD048U0,2018Q4
COB02CD22687,2018Q4
COB12CD01IZ1,2018Q4
COB01CD07P25,2018Q4
COB01CD085C1,2018Q4
COL06CD13470,2018Q4
COB13CD14483,2018Q4
COB51CD043K2,2018Q4
COB51CD01OA0,2018Q4
COB19CD134X3,2018Q4
COB07CD09Q34,2018Q4
COB23CD49678,2018Q4
COB52CD54909,2018Q4
COB02CD19923,2018Q4
COB01CD060F7,2018Q4
COB19CD0VVI7,2018Q4
COB51CD04DI0,2018Q4
COB01CD08G25,2018Q4
COB31CD07109,2018Q4
COB51CD030Y0,2018Q4
COB07CD09XE8,2018Q4
COB19CD14LP4,2018Q4
COB51CD02TT7,2018Q4
COB13CD85269,2018Q4
COB19CD0RKN8,2018Q4
COB19CD0V6W3,2018Q4
COL06CD15582,2018Q4
COB51CD02QO4,2018Q4
COL06CD15269,2018Q4
COL06CD16713,2018Q4
COB19CD0WUT4,2018Q4
COB51CD039M6,2018Q4
COB07CD076Q4,2018Q4
COL06CD15822,2018Q4
COB23CD45767,2018Q4
COB13CD026X7,2018Q4
COB31CD07042,2018Q4
COB19CD0YR25,2018Q4
COB19CD0PV38,2018Q4
COB02CD23867,2018Q4
COB02CD22802,2018Q4
COB51CD02G46,2018Q4
COB51CD01GG3,2018Q4
COB19CD11ON9,2018Q4
COL06CD17687,2018Q4
COB02CD09114,2018Q4
COB01CD05M20,2018Q4
COB01CD05I91,2018Q4
COB01CD07JF1,2018Q4
COB19CD0UA36,2018Q4
COB02CD25490,2018Q4
COB52CD49123,2018Q4
COB51CD033K3,2018Q4
COB02CD24279,2018Q4
COB19CD0W7W0,2018Q4
COB19CD11A18,2018Q4
COB51CD03DJ0,2018Q4
COB31CD06606,2018Q4
COB09CD23706,2018Q4
COB51CD02E71,2018Q4
COB02CD25342,2018Q4
COB51CD03MW4,2018Q4
COB13CD56856,2018Q4
COB13CD01KE0,2018Q4
COB02CD20020,2018Q4
COB19CD0OUH6,2018Q4
COB51CD027I9,2018Q4
COB51CD03KL1,2018Q4
COB51CD03RB7,2018Q4
COL06CD12696,2018Q4
COB02CD22752,2018Q4
COB01CD065S9,2018Q4
COB51CD044O2,2018Q4
COB19CD0OUG8,2018Q4
COB07CD05V72,2018Q4
COB01CD04CQ0,2018Q4
COB01CD062H9,2018Q4
COB02CD25573,2018Q4
COB52CD54834,2018Q4
COB07CD05YF1,2018Q4
COB51CD01X61,2018Q4
COB51CD02ZZ1,2018Q4
COB51CD02G61,2018Q4
COB51CD02YU5,2018Q4
COB52CD55310,2018Q4
COL06CD16275,2018Q4
COL06CD15509,2018Q4
COL06CD15731,2018Q4
COL06CD12910,2018Q4
COB51CD034K1,2018Q4
COB01CD089J8,2018Q4
COB51CD02G20,2018Q4
COB19CD0Y624,2018Q4
COB51CD01L99,2018Q4
COB19CD0YSP2,2018Q4
COB13CD68190,2018Q4
COB52CD47879,2018Q4
COB51CD01RQ9,2018Q4
COB02CD25482,2018Q4
COB51CD02SK8,2018Q4
COB07CD05PT0,2018Q4
COB31CD06879,2018Q4
COB01CD077Z9,2018Q4
COB01CD080Z3,2018Q4
COB51CD03GJ3,2018Q4
COB19CD12NH1,2018Q4
COB19CD0JPS3,2018Q4
COB23CD16172,2018Q4
COB13CD09087,2018Q4
COB01CD059Q6,2018Q4
COB07CD018D4,2018Q4
COB07CD05GH4,2018Q4
COB13CD47145,2018Q4
COB51CD01MK3,2018Q4
COB07CD05PP8,2018Q4
COB13CD036X6,2018Q4
COB13CD072Y9,2018Q4
COB07CD06PH3,2018Q4
COB01CD066I8,2018Q4
COB51CD01UA7,2018Q4
COB31CD06663,2018Q4
COB19CD0X9X3,2018Q4
COB13CD72788,2018Q4
COB07CD09XO7,2018Q4
COL06CD16200,2018Q4
COL06CD15491,2018Q4
COB51CD01MJ5,2018Q4
COB19CD17OO4,2018Q4
COB19CD17YJ3,2018Q4
COB51CD03H69,2018Q4
COB51CD01FO9,2018Q4
COB01CD089H2,2018Q4
COB23CD46963,2018Q4
COB13CD61781,2018Q4
COB13CD15696,2018Q4
COB07CD06CC2,2018Q4
COB51CD03UC9,2018Q4
COB51CD01GZ3,2018Q4
COB51CD01GU4,2018Q4
COB51CD01FJ9,2018Q4
COB06CD11ZI2,2018Q4
COB06CD10DF7,2018Q4
COB06CD10WK7,2018Q4
COB13CD90277,2018Q4
COB07CD076N1,2018Q4
COB07CD012N6,2018Q4
COB07CD093V9,2018Q4
COB07CD09XV2,2018Q4
COB01CD087H6,2018Q4
COB01CD087F0,2018Q4
COB01CD05S40,2018Q4
COB01CD08H32,2018Q4
COB01CD07JA2,2018Q4
COB51CD01QC1,2018Q4
COB51CD03FE6,2018Q4
COB06CD0ZZ96,2018Q4
COB06CD15S68,2018Q4
COB06CD0VX76,2018Q4
COB06CD0VYY3,2018Q4
COB53CD83732,2018Q4
COB53CD84847,2018Q4
COB53CD00D98,2018Q4
COB56CD15FW1,2018Q4
COB56CD17O69,2018Q4
COB56CD17O77,2018Q4
COJ12CD0PU11,2018Q4
COB63CD0GOM0,2018Q4
COJ26CD43909,2018Q4
COJ26CD43792,2018Q4
COJ26CD42976,2018Q4
COJ26CD43743,2018Q4
COJ26CD43719,2018Q4
COJ70CD61313,2018Q4
COJ70CD65785,2018Q4
COJ70CD64887,2018Q4
COB19CD10AT7,2018Q4
COB19CD0NJM1,2018Q4
COB19CD0UA77,2018Q4
COB12CD022A5,2018Q4
COJ05CD03H50,2018Q4
BCO03700619A,2018Q4
BCO03550519A,2018Q4
COB74CB00025,2018Q4
COB13CD03PL0,2018Q4
COB59CD15848,2018Q4
COB59CD16937,2018Q4
COB59CD16929,2018Q4
COB59CD15921,2018Q4
COB59CD16275,2018Q4
COB68CD05UY2,2018Q4
COB68CD06SZ1,2018Q4
COB68CD06IW9,2018Q4
COB01CD07H90,2018Q4
COB53CD61001,2018Q4
COJ12CD0PQF4,2018Q4
COJ0WCD06377,2018Q4
COJ0WCD06385,2018Q4
COB63CD0HMA7,2018Q4
COJ26CD41473,2018Q4
COJ1FCD06248,2018Q4
COJ1FCD06057,2018Q4
COJ46CD0C4G0,2018Q4
COJ12CD0Q5N9,2018Q4
COJ12CD0Q5W0,2018Q4
COJ10CD26619,2018Q4
COT80CH02597,2018Q4
BOG03000219A,2018Q4
BOG03000219D,2018Q4
BOG03000319A,2018Q4
BOG03000319B,2018Q4
BOG03000419A,2018Q4
BOG03050219D,2018Q4
BOG03100319D,2018Q4
BOG03200519D,2018Q4
COB01CD03ZT7,2018Q4
COB01CD043S6,2018Q4
COB01CD04XQ6,2018Q4
COB01CD04Y35,2018Q4
COB01CD04ZE7,2018Q4
COB01CD04ZP3,2018Q4
COB01CD051G4,2018Q4
COB01CD051X9,2018Q4
COB01CD054N4,2018Q4
COB01CD056L3,2018Q4
COB01CD057J5,2018Q4
COB01CD058O3,2018Q4
COB01CD05C63,2018Q4
COB01CD05CR5,2018Q4
COB01CD05DU7,2018Q4
COB01CD05EU5,2018Q4
COB01CD05HG7,2018Q4
COB01CD05J33,2018Q4
COB01CD05MZ7,2018Q4
COB01CD05SC3,2018Q4
COB01CD05SR1,2018Q4
COB01CD05TS7,2018Q4
COB01CD05VF0,2018Q4
COB01CD05WG6,2018Q4
COB01CD060E0,2018Q4
COB01CD062I7,2018Q4
COB01CD064I3,2018Q4
COB01CD064Q6,2018Q4
COB01CD065O8,2018Q4
COB01CD066K4,2018Q4
COB01CD066M0,2018Q4
COB01CD066V1,2018Q4
COB01CD06CJ0,2018Q4
COB01CD06D20,2018Q4
COB01CD06DC3,2018Q4
COB01CD06DO8,2018Q4
COB01CD06EX7,2018Q4
COB01CD06J24,2018Q4
COB01CD06OX6,2018Q4
COB01CD06WQ3,2018Q4
COB01CD06Z40,2018Q4
COB01CD071U3,2018Q4
COB01CD071W9,2018Q4
COB01CD072E5,2018Q4
COB01CD073Q7,2018Q4
COB01CD076A4,2018Q4
COB01CD077O3,2018Q4
COB01CD078M5,2018Q4
COB01CD079I1,2018Q4
COB01CD07A06,2018Q4
COB01CD07B70,2018Q4
COB01CD07BP7,2018Q4
COB01CD07DY5,2018Q4
COB01CD07EU1,2018Q4
COB01CD07F35,2018Q4
COB01CD07FQ6,2018Q4
COB01CD07FR4,2018Q4
COB01CD07GJ9,2018Q4
COB01CD07GR2,2018Q4
COB01CD07GS0,2018Q4
COB01CD07H66,2018Q4
COB01CD07HG3,2018Q4
COB01CD07HL3,2018Q4
COB01CD07IY4,2018Q4
COB01CD07JC8,2018Q4
COB01CD07JN5,2018Q4
COB01CD07JO3,2018Q4
COB01CD07JP0,2018Q4
COB01CD07JY2,2018Q4
COB01CD07JZ9,2018Q4
COB01CD07K87,2018Q4
COB01CD07KK9,2018Q4
COB01CD07L94,2018Q4
COB01CD07M77,2018Q4
COB01CD07MC2,2018Q4
COB01CD07MO7,2018Q4
COB01CD07MX8,2018Q4
COB01CD07N43,2018Q4
COB01CD07N84,2018Q4
COB01CD07NB2,2018Q4
COB01CD07NZ1,2018Q4
COB01CD07OC8,2018Q4
COB01CD07OH7,2018Q4
COB01CD07PE1,2018Q4
COB01CD07SB1,2018Q4
COB01CD07T05,2018Q4
COB01CD07T13,2018Q4
COB01CD07U51,2018Q4
COB01CD07UP7,2018Q4
COB01CD07V01,2018Q4
COB01CD07W75,2018Q4
COB01CD07W83,2018Q4
COB01CD07WI8,2018Q4
COB01CD07WP3,2018Q4
COB01CD07X82,2018Q4
COB01CD07XK2,2018Q4
COB01CD07XU1,2018Q4
COB01CD07Y16,2018Q4
COB01CD07Y65,2018Q4
COB01CD07YD5,2018Q4
COB01CD07YE3,2018Q4
COB01CD07YR5,2018Q4
COB01CD07YS3,2018Q4
COB01CD07ZF7,2018Q4
COB01CD07ZH3,2018Q4
COB01CD080F5,2018Q4
COB01CD080W0,2018Q4
COB01CD082W6,2018Q4
COB01CD082X4,2018Q4
COB01CD083C6,2018Q4
COB01CD084U6,2018Q4
COB01CD085W9,2018Q4
COB01CD085Y5,2018Q4
COB01CD086B1,2018Q4
COB01CD086H8,2018Q4
COB01CD086Y3,2018Q4
COB01CD087V7,2018Q4
COB01CD088N2,2018Q4
COB01CD089K6,2018Q4
COB01CD089S9,2018Q4
COB01CD08A39,2018Q4
COB01CD08A47,2018Q4
COB01CD08AA9,2018Q4
COB01CD08B87,2018Q4
COB01CD08B95,2018Q4
COB01CD08BA7,2018Q4
COB01CD08BB5,2018Q4
COB01CD08C52,2018Q4
COB01CD08CH0,2018Q4
COB01CD08CO6,2018Q4
COB01CD08D51,2018Q4
COB01CD08D69,2018Q4
COB01CD08D77,2018Q4
COB01CD08DD7,2018Q4
COB01CD08DE5,2018Q4
COB01CD08DF2,2018Q4
COB01CD08DG0,2018Q4
COB01CD08DI6,2018Q4
COB01CD08ES3,2018Q4
COB01CD08F75,2018Q4
COB01CD08FP6,2018Q4
COB01CD08GE8,2018Q4
COB01CD08GW0,2018Q4
COB01CD08GY6,2018Q4
COB01CD08HB2,2018Q4
COB01CD08HE6,2018Q4
COB01CD08HQ0,2018Q4
COB01CD08HT4,2018Q4
COB01CD08HV0,2018Q4
COB01CD08I07,2018Q4
COB01CD08IG9,2018Q4
COB01CD08J97,2018Q4
COB01CD08JE2,2018Q4
COB01CD08JY0,2018Q4
COB01CD08JZ7,2018Q4
COB01CD08KA8,2018Q4
COB01CD08LN9,2018Q4
COB01CD08LO7,2018Q4
COB01CD08ND6,2018Q4
COB01CD08NE4,2018Q4
COB01CD08NR6,2018Q4
COB02CD19105,2018Q4
COB02CD19220,2018Q4
COB02CD19352,2018Q4
COB02CD20517,2018Q4
COB02CD20533,2018Q4
COB02CD20673,2018Q4
COB02CD20798,2018Q4
COB02CD20905,2018Q4
COB02CD20954,2018Q4
COB02CD21390,2018Q4
COB02CD21531,2018Q4
COB02CD21556,2018Q4
COB02CD21663,2018Q4
COB02CD21713,2018Q4
COB02CD21846,2018Q4
COB02CD21861,2018Q4
COB02CD21895,2018Q4
COB02CD21945,2018Q4
COB02CD22216,2018Q4
COB02CD22240,2018Q4
COB02CD22307,2018Q4
COB02CD22349,2018Q4
COB02CD22380,2018Q4
COB02CD22596,2018Q4
COB02CD22646,2018Q4
COB02CD22729,2018Q4
COB02CD22745,2018Q4
COB02CD22786,2018Q4
COB02CD22810,2018Q4
COB02CD22844,2018Q4
COB02CD22869,2018Q4
COB02CD22968,2018Q4
COB02CD22984,2018Q4
COB02CD22992,2018Q4
COB02CD23008,2018Q4
COB02CD23024,2018Q4
COB02CD23032,2018Q4
COB02CD23040,2018Q4
COB02CD23057,2018Q4
COB02CD23065,2018Q4
COB02CD23164,2018Q4
COB02CD23206,2018Q4
COB02CD23214,2018Q4
COB02CD23297,2018Q4
COB02CD23453,2018Q4
COB02CD23511,2018Q4
COB02CD23529,2018Q4
COB02CD23552,2018Q4
COB02CD23560,2018Q4
COB02CD23602,2018Q4
COB02CD23651,2018Q4
COB02CD23669,2018Q4
COB02CD23719,2018Q4
COB02CD23768,2018Q4
COB02CD23818,2018Q4
COB02CD23842,2018Q4
COB02CD23891,2018Q4
COB02CD24006,2018Q4
COB02CD24089,2018Q4
COB02CD24121,2018Q4
COB02CD24162,2018Q4
COB02CD24204,2018Q4
COB02CD24212,2018Q4
COB02CD24238,2018Q4
COB02CD24337,2018Q4
COB02CD24345,2018Q4
COB02CD24360,2018Q4
COB02CD24675,2018Q4
COB02CD24782,2018Q4
COB02CD24865,2018Q4
COB02CD25078,2018Q4
COB02CD25144,2018Q4
COB02CD25151,2018Q4
COB02CD25649,2018Q4
COB02CD25656,2018Q4
COB02CD25664,2018Q4
COB02CD25730,2018Q4
COB02CD25904,2018Q4
COB02CD25912,2018Q4
COB02CD25946,2018Q4
COB02CD26001,2018Q4
COB02CD26191,2018Q4
COB02CD26209,2018Q4
COB06CD09610,2018Q4
COB06CD0HKI4,2018Q4
COB06CD0Q5O6,2018Q4
COB06CD0QZ89,2018Q4
COB06CD0QZA0,2018Q4
COB06CD0SB28,2018Q4
COB06CD0SXF0,2018Q4
COB06CD0T4Y5,2018Q4
COB06CD0TYE9,2018Q4
COB06CD0TYH2,2018Q4
COB06CD0WE03,2018Q4
COB06CD10DE0,2018Q4
COB06CD10FC9,2018Q4
COB06CD15Z51,2018Q4
COB06CD17QM0,2018Q4
COB06CD18V78,2018Q4
COB06CD18X35,2018Q4
COB06CD1A9Y4,2018Q4
COB06CD1ACX3,2018Q4
COB06CD1AEW1,2018Q4
COB06CD1AEX9,2018Q4
COB06CD1CAV7,2018Q4
COB06CD1CGY8,2018Q4
COB06CD1CGZ5,2018Q4
COB06CD1EFJ7,2018Q4
COB06CD1EKT6,2018Q4
COB06CD1EL62,2018Q4
COB06CD1F0H3,2018Q4
COB06CD1F1T6,2018Q4
COB06CD1FRI1,2018Q4
COB06CD1FRJ9,2018Q4
COB06CD1FRL5,2018Q4
COB07CD01P41,2018Q4
COB07CD01PL6,2018Q4
COB07CD01RW9,2018Q4
COB07CD01SW7,2018Q4
COB07CD01TL8,2018Q4
COB07CD051G8,2018Q4
COB07CD07I28,2018Q4
COB07CD07JT9,2018Q4
COB07CD07SX2,2018Q4
COB07CD07TH3,2018Q4
COB07CD07V70,2018Q4
COB07CD07VJ5,2018Q4
COB07CD07VU2,2018Q4
COB07CD07W20,2018Q4
COB07CD07ZB3,2018Q4
COB07CD087Y5,2018Q4
COB07CD088A3,2018Q4
COB07CD08LS5,2018Q4
COB07CD08LT3,2018Q4
COB07CD08LU1,2018Q4
COB07CD08MW5,2018Q4
COB07CD08NC5,2018Q4
COB07CD08O94,2018Q4
COB07CD08OR1,2018Q4
COB07CD08OT7,2018Q4
COB07CD08P44,2018Q4
COB07CD08QJ3,2018Q4
COB07CD08RL7,2018Q4
COB07CD08U62,2018Q4
COB07CD08UA4,2018Q4
COB07CD08UN7,2018Q4
COB07CD08V38,2018Q4
COB07CD08VD6,2018Q4
COB07CD08VY2,2018Q4
COB07CD08W45,2018Q4
COB07CD08WE2,2018Q4
COB07CD08WK9,2018Q4
COB07CD08WU8,2018Q4
COB07CD08X51,2018Q4
COB07CD08Y68,2018Q4
COB07CD08YI9,2018Q4
COB07CD08YN9,2018Q4
COB07CD08YX8,2018Q4
COB07CD08ZN6,2018Q4
COB07CD098B0,2018Q4
COB07CD098Q8,2018Q4
COB07CD099H5,2018Q4
COB07CD099O1,2018Q4
COB07CD09A16,2018Q4
COB07CD09AG1,2018Q4
COB07CD09AR8,2018Q4
COB07CD09BP0,2018Q4
COB07CD09C63,2018Q4
COB07CD09IX9,2018Q4
COB07CD09JB3,2018Q4
COB07CD09JP3,2018Q4
COB07CD09SM1,2018Q4
COB07CD09T72,2018Q4
COB07CD09T80,2018Q4
COB07CD09TG1,2018Q4
COB07CD09TS6,2018Q4
COB07CD09TY4,2018Q4
COB07CD09UE4,2018Q4
COB07CD09VA0,2018Q4
COB07CD09VG7,2018Q4
COB07CD09VZ7,2018Q4
COB07CD09W02,2018Q4
COB07CD09W10,2018Q4
COB07CD09W28,2018Q4
COB07CD09WC4,2018Q4
COB07CD09WF7,2018Q4
COB07CD09X19,2018Q4
COB07CD09X27,2018Q4
COB07CD09X43,2018Q4
COB07CD09X50,2018Q4
COB07CD09XC2,2018Q4
COB07CD09XD0,2018Q4
COB07CD09XH1,2018Q4
COB07CD09YF3,2018Q4
COB07CD09YQ0,2018Q4
COB07CD0A0E4,2018Q4
COB07CD0A0F1,2018Q4
COB07CD0A1Q6,2018Q4
COB07CD0A289,2018Q4
COB07CD0A2R2,2018Q4
COB07CD0A3C2,2018Q4
COB07CD0A685,2018Q4
COB07CD0A6R3,2018Q4
COB07CD0A6S1,2018Q4
COB07CD0A750,2018Q4
COB07CD0A768,2018Q4
COB07CD0A776,2018Q4
COB07CD0AAA6,2018Q4
COB07CD0AAB4,2018Q4
COB07CD0AB18,2018Q4
COB07CD0AC66,2018Q4
COB07CD0AFC1,2018Q4
COB12CD00H60,2018Q4
COB12CD00MU6,2018Q4
COB12CD01TG8,2018Q4
COB12CD01TL8,2018Q4
COB12CD01UM4,2018Q4
COB12CD01UX1,2018Q4
COB12CD01W37,2018Q4
COB12CD021Q3,2018Q4
COB12CD026S8,2018Q4
COB12CD027E6,2018Q4
COB13CD00MF5,2018Q4
COB13CD00MO7,2018Q4
COB13CD01F29,2018Q4
COB13CD01JH5,2018Q4
COB13CD01KG5,2018Q4
COB13CD01KI1,2018Q4
COB13CD01N78,2018Q4
COB13CD01W85,2018Q4
COB13CD01ZK5,2018Q4
COB13CD028K0,2018Q4
COB13CD029Z6,2018Q4
COB13CD02A49,2018Q4
COB13CD02GV0,2018Q4
COB13CD02GW8,2018Q4
COB13CD02GX6,2018Q4
COB13CD02KD0,2018Q4
COB13CD02N85,2018Q4
COB13CD036Z1,2018Q4
COB13CD03GX4,2018Q4
COB13CD03GY2,2018Q4
COB13CD03GZ9,2018Q4
COB13CD03NN1,2018Q4
COB13CD03NQ4,2018Q4
COB13CD03NR2,2018Q4
COB13CD03OR0,2018Q4
COB13CD03OS8,2018Q4
COB13CD03PK2,2018Q4
COB13CD03TT5,2018Q4
COB13CD03UX5,2018Q4
COB13CD05J21,2018Q4
COB13CD05YV6,2018Q4
COB13CD06AW2,2018Q4
COB13CD06M74,2018Q4
COB13CD06OL6,2018Q4
COB13CD078T6,2018Q4
COB13CD07CG9,2018Q4
COB13CD07DU8,2018Q4
COB13CD07KM0,2018Q4
COB13CD07V64,2018Q4
COB13CD07VA2,2018Q4
COB13CD08D99,2018Q4
COB13CD08JW9,2018Q4
COB13CD08SZ3,2018Q4
COB13CD09ZW3,2018Q4
COB13CD09ZX1,2018Q4
COB13CD09ZY9,2018Q4
COB13CD0A273,2018Q4
COB13CD0A3K3,2018Q4
COB13CD0AE62,2018Q4
COB13CD0AE88,2018Q4
COB13CD0AJY9,2018Q4
COB13CD0AJZ6,2018Q4
COB13CD0AN79,2018Q4
COB13CD0AOJ0,2018Q4
COB13CD37237,2018Q4
COB13CD37393,2018Q4
COB13CD37450,2018Q4
COB13CD37567,2018Q4
COB13CD38441,2018Q4
COB13CD38920,2018Q4
COB13CD38946,2018Q4
COB13CD46816,2018Q4
COB13CD48804,2018Q4
COB13CD53721,2018Q4
COB13CD59033,2018Q4
COB13CD59470,2018Q4
COB13CD60031,2018Q4
COB13CD60585,2018Q4
COB13CD61112,2018Q4
COB13CD61328,2018Q4
COB13CD61369,2018Q4
COB13CD61419,2018Q4
COB13CD61518,2018Q4
COB13CD61583,2018Q4
COB13CD61617,2018Q4
COB13CD62862,2018Q4
COB13CD63100,2018Q4
COB13CD63647,2018Q4
COB13CD64785,2018Q4
COB13CD64959,2018Q4
COB13CD66996,2018Q4
COB13CD67697,2018Q4
COB13CD67739,2018Q4
COB13CD70675,2018Q4
COB13CD71194,2018Q4
COB13CD71251,2018Q4
COB13CD71418,2018Q4
COB13CD72523,2018Q4
COB13CD73331,2018Q4
COB13CD73539,2018Q4
COB13CD73844,2018Q4
COB13CD73851,2018Q4
COB13CD85210,2018Q4
COB13CD85384,2018Q4
COB19CD00LZ2,2018Q4
COB19CD0JOO5,2018Q4
COB19CD0JR65,2018Q4
COB19CD0JUP9,2018Q4
COB19CD0K2A1,2018Q4
COB19CD0K2D5,2018Q4
COB19CD0PVK5,2018Q4
COB19CD0SGE3,2018Q4
COB19CD0T8E1,2018Q4
COB19CD0TE50,2018Q4
COB19CD0TKR5,2018Q4
COB19CD0TKS3,2018Q4
COB19CD0TYE4,2018Q4
COB19CD0TZL6,2018Q4
COB19CD0U861,2018Q4
COB19CD0U9G1,2018Q4
COB19CD0UA28,2018Q4
COB19CD0UEK1,2018Q4
COB19CD0UEL9,2018Q4
COB19CD0UGH2,2018Q4
COB19CD0V9L0,2018Q4
COB19CD0VJV5,2018Q4
COB19CD0VM56,2018Q4
COB19CD0VPM1,2018Q4
COB19CD0VV63,2018Q4
COB19CD0VZB3,2018Q4
COB19CD0W1S1,2018Q4
COB19CD0W6L5,2018Q4
COB19CD0WM22,2018Q4
COB19CD0WO12,2018Q4
COB19CD0WT82,2018Q4
COB19CD0WX94,2018Q4
COB19CD0XDL5,2018Q4
COB19CD0XFD7,2018Q4
COB19CD0XJC1,2018Q4
COB19CD0XKY3,2018Q4
COB19CD0XN95,2018Q4
COB19CD0XNQ3,2018Q4
COB19CD0XOT5,2018Q4
COB19CD0XU47,2018Q4
COB19CD0XX02,2018Q4
COB19CD0XX10,2018Q4
COB19CD0XYQ0,2018Q4
COB19CD0Y178,2018Q4
COB19CD0Y2Y5,2018Q4
COB19CD0YK06,2018Q4
COB19CD0YLR3,2018Q4
COB19CD0YLS1,2018Q4
COB19CD0YNS7,2018Q4
COB19CD0YQD2,2018Q4
COB19CD0YV60,2018Q4
COB19CD0Z399,2018Q4
COB19CD0Z5U5,2018Q4
COB19CD0Z9Q5,2018Q4
COB19CD0ZP26,2018Q4
COB19CD0ZQS7,2018Q4
COB19CD0ZRR7,2018Q4
COB19CD0ZUS9,2018Q4
COB19CD0ZZJ7,2018Q4
COB19CD10FN9,2018Q4
COB19CD110E3,2018Q4
COB19CD11FL1,2018Q4
COB19CD11OP4,2018Q4
COB19CD11QT1,2018Q4
COB19CD11TD9,2018Q4
COB19CD11WE1,2018Q4
COB19CD11YW9,2018Q4
COB19CD129H6,2018Q4
COB19CD12BD5,2018Q4
COB19CD12JP2,2018Q4
COB19CD12L71,2018Q4
COB19CD12QH4,2018Q4
COB19CD12TZ0,2018Q4
COB19CD12U05,2018Q4
COB19CD12U13,2018Q4
COB19CD12VV5,2018Q4
COB19CD12VW3,2018Q4
COB19CD12VY9,2018Q4
COB19CD12YJ4,2018Q4
COB19CD12YM8,2018Q4
COB19CD134T1,2018Q4
COB19CD134U9,2018Q4
COB19CD134V7,2018Q4
COB19CD13508,2018Q4
COB19CD13AI4,2018Q4
COB19CD13AJ2,2018Q4
COB19CD13AK0,2018Q4
COB19CD13LM3,2018Q4
COB19CD13N37,2018Q4
COB19CD13VL4,2018Q4
COB19CD144M5,2018Q4
COB19CD147G0,2018Q4
COB19CD147I6,2018Q4
COB19CD149A9,2018Q4
COB19CD14BN0,2018Q4
COB19CD14GJ7,2018Q4
COB19CD14JW4,2018Q4
COB19CD14JX2,2018Q4
COB19CD14K05,2018Q4
COB19CD14RP1,2018Q4
COB19CD14SH6,2018Q4
COB19CD14SI4,2018Q4
COB19CD155I9,2018Q4
COB19CD16G09,2018Q4
COB19CD17F33,2018Q4
COB19CD17F41,2018Q4
COB19CD17I97,2018Q4
COB19CD17OP1,2018Q4
COB19CD17OQ9,2018Q4
COB19CD17WV2,2018Q4
COB23CD15422,2018Q4
COB23CD15463,2018Q4
COB23CD15778,2018Q4
COB23CD16073,2018Q4
COB23CD18186,2018Q4
COB23CD38648,2018Q4
COB23CD40727,2018Q4
COB23CD42566,2018Q4
COB23CD45130,2018Q4
COB23CD49652,2018Q4
COB23CD49660,2018Q4
COB23CD50239,2018Q4
COB23CD50270,2018Q4
COB23CD51088,2018Q4
COB23CD51310,2018Q4
COB23CD56715,2018Q4
COB23CD56764,2018Q4
COB23CD56798,2018Q4
COB23CD56806,2018Q4
COB23CD56830,2018Q4
COB23CD56889,2018Q4
COB23CD56897,2018Q4
COB23CD57028,2018Q4
COB23CD57044,2018Q4
COB31CD06994,2018Q4
COB31CD07059,2018Q4
COB31CD07075,2018Q4
COB31CD07174,2018Q4
COB31CD07240,2018Q4
COB51CD00X96,2018Q4
COB51CD00XN6,2018Q4
COB51CD017T7,2018Q4
COB51CD017Z4,2018Q4
COB51CD019D7,2018Q4
COB51CD019H8,2018Q4
COB51CD019L0,2018Q4
COB51CD019M8,2018Q4
COB51CD019R7,2018Q4
COB51CD01BT7,2018Q4
COB51CD01DD7,2018Q4
COB51CD01DG0,2018Q4
COB51CD01DT3,2018Q4
COB51CD01E56,2018Q4
COB51CD01EC7,2018Q4
COB51CD01EZ8,2018Q4
COB51CD01F71,2018Q4
COB51CD01FD2,2018Q4
COB51CD01FT8,2018Q4
COB51CD01GW0,2018Q4
COB51CD01GX8,2018Q4
COB51CD01IC8,2018Q4
COB51CD01J36,2018Q4
COB51CD01JS2,2018Q4
COB51CD01JU8,2018Q4
COB51CD01K25,2018Q4
COB51CD01KW2,2018Q4
COB51CD01KY8,2018Q4
COB51CD01LW0,2018Q4
COB51CD01TY9,2018Q4
COB51CD01Z77,2018Q4
COB51CD021U7,2018Q4
COB51CD022F6,2018Q4
COB51CD026I1,2018Q4
COB51CD026Y8,2018Q4
COB51CD027L3,2018Q4
COB51CD027R0,2018Q4
COB51CD028F3,2018Q4
COB51CD02A00,2018Q4
COB51CD02D07,2018Q4
COB51CD02HY2,2018Q4
COB51CD02I44,2018Q4
COB51CD02LJ5,2018Q4
COB51CD02MP0,2018Q4
COB51CD02NP8,2018Q4
COB51CD02P29,2018Q4
COB51CD02TP5,2018Q4
COB51CD02TQ3,2018Q4
COB51CD02UH0,2018Q4
COB51CD02V47,2018Q4
COB51CD02YV3,2018Q4
COB51CD02ZE6,2018Q4
COB51CD02ZJ5,2018Q4
COB51CD02ZK3,2018Q4
COB51CD02ZV0,2018Q4
COB51CD031Z5,2018Q4
COB51CD032D0,2018Q4
COB51CD032V2,2018Q4
COB51CD032X8,2018Q4
COB51CD032Y6,2018Q4
COB51CD03AC1,2018Q4
COB51CD03AQ1,2018Q4
COB51CD03B81,2018Q4
COB51CD03BE5,2018Q4
COB51CD03BF2,2018Q4
COB51CD03BN6,2018Q4
COB51CD03BQ9,2018Q4
COB51CD03BT3,2018Q4
COB51CD03C23,2018Q4
COB51CD03CF0,2018Q4
COB51CD03D06,2018Q4
COB51CD03DI2,2018Q4
COB51CD03DS1,2018Q4
COB51CD03DX1,2018Q4
COB51CD03DY9,2018Q4
COB51CD03EF6,2018Q4
COB51CD03EP5,2018Q4
COB51CD03ER1,2018Q4
COB51CD03F12,2018Q4
COB51CD03FF3,2018Q4
COB51CD03FM9,2018Q4
COB51CD03G60,2018Q4
COB51CD03GD6,2018Q4
COB51CD03GG9,2018Q4
COB51CD03GT2,2018Q4
COB51CD03HB8,2018Q4
COB51CD03HG7,2018Q4
COB51CD03HM5,2018Q4
COB51CD03I35,2018Q4
COB51CD03I43,2018Q4
COB51CD03IQ4,2018Q4
COB51CD03J59,2018Q4
COB51CD03J91,2018Q4
COB51CD03JL3,2018Q4
COB51CD03JQ2,2018Q4
COB51CD03JU4,2018Q4
COB51CD03K56,2018Q4
COB51CD03L55,2018Q4
COB51CD03LC8,2018Q4
COB51CD03LG9,2018Q4
COB51CD03LS4,2018Q4
COB51CD03M54,2018Q4
COB51CD03MO1,2018Q4
COB51CD03NA8,2018Q4
COB51CD03ND2,2018Q4
COB51CD03NN1,2018Q4
COB51CD03NP6,2018Q4
COB51CD03NV4,2018Q4
COB51CD03O52,2018Q4
COB51CD03OL3,2018Q4
COB51CD03P85,2018Q4
COB51CD03PD7,2018Q4
COB51CD03PG0,2018Q4
COB51CD03PQ9,2018Q4
COB51CD03PU1,2018Q4
COB51CD03PZ0,2018Q4
COB51CD03QH6,2018Q4
COB51CD03R42,2018Q4
COB51CD03RO0,2018Q4
COB51CD03RV5,2018Q4
COB51CD03RX1,2018Q4
COB51CD03TI8,2018Q4
COB51CD03TX7,2018Q4
COB51CD03UU1,2018Q4
COB51CD03VK0,2018Q4
COB51CD03VL8,2018Q4
COB51CD03VX3,2018Q4
COB51CD03W86,2018Q4
COB51CD03WS1,2018Q4
COB51CD03WW3,2018Q4
COB51CD03X77,2018Q4
COB51CD03XD1,2018Q4
COB51CD03XR1,2018Q4
COB51CD03XX9,2018Q4
COB51CD03Y68,2018Q4
COB51CD03YB3,2018Q4
COB51CD03YE7,2018Q4
COB51CD03YO6,2018Q4
COB51CD03YZ2,2018Q4
COB51CD03Z00,2018Q4
COB51CD03Z59,2018Q4
COB51CD03Z83,2018Q4
COB51CD03Z91,2018Q4
COB51CD03ZJ3,2018Q4
COB51CD03ZX4,2018Q4
COB51CD03ZY2,2018Q4
COB51CD040B7,2018Q4
COB51CD040L6,2018Q4
COB51CD040S1,2018Q4
COB51CD040X1,2018Q4
COB51CD041E9,2018Q4
COB51CD041F6,2018Q4
COB51CD044D5,2018Q4
COB51CD044J2,2018Q4
COB51CD044K0,2018Q4
COB51CD044W5,2018Q4
COB51CD044X3,2018Q4
COB51CD044Z8,2018Q4
COB51CD045F7,2018Q4
COB51CD045G5,2018Q4
COB51CD045T8,2018Q4
COB51CD045X0,2018Q4
COB51CD046H1,2018Q4
COB51CD046J7,2018Q4
COB51CD046W0,2018Q4
COB51CD046Y6,2018Q4
COB51CD046Z3,2018Q4
COB51CD047A4,2018Q4
COB51CD047D8,2018Q4
COB51CD047V0,2018Q4
COB51CD048J3,2018Q4
COB51CD048N5,2018Q4
COB51CD04B23,2018Q4
COB51CD04B64,2018Q4
COB51CD04BH6,2018Q4
COB51CD04BR5,2018Q4
COB51CD04D21,2018Q4
COB51CD04D39,2018Q4
COB51CD04D88,2018Q4
COB51CD04D96,2018Q4
COB51CD49489,2018Q4
COB51CD49984,2018Q4
COB52CD43068,2018Q4
COB52CD49081,2018Q4
COB52CD50048,2018Q4
COB52CD52135,2018Q4
COB52CD52804,2018Q4
COB52CD53240,2018Q4
COB52CD53711,2018Q4
COB52CD54073,2018Q4
COB52CD55054,2018Q4
COB52CD55062,2018Q4
COB52CD55070,2018Q4
COB52CD55237,2018Q4
COB52CD55286,2018Q4
COB52CD55666,2018Q4
COB52CD55849,2018Q4
COB52CD55930,2018Q4
COB52CD56227,2018Q4
COB52CD56268,2018Q4
COB52CD56334,2018Q4
COB52CD56383,2018Q4
COB52CD56425,2018Q4
COB56CD16H93,2018Q4
COB56CD16HA1,2018Q4
COB56CD18XW8,2018Q4
COB59CD15038,2018Q4
COB59CD15251,2018Q4
COB59CD15582,2018Q4
COB63CD0HYP0,2018Q4
COF20CP00011,2018Q4
COF20CP00029,2018Q4
COJ12CD0PGV2,2018Q4
COJ12CD0PPP5,2018Q4
COJ12CD0PTU7,2018Q4
COJ12CD0PUP5,2018Q4
COJ12CD0PUY7,2018Q4
COJ12CD0PUZ4,2018Q4
COJ12CD0PVG2,2018Q4
COJ12CD0PVH0,2018Q4
COJ12CD0PVK4,2018Q4
COJ12CD0PVY5,2018Q4
COJ12CD0PXC7,2018Q4
COJ12CD0PXP9,2018Q4
COJ12CD0PXY1,2018Q4
COJ12CD0PYC5,2018Q4
COJ12CD0PYD3,2018Q4
COJ26CD37406,2018Q4
COJ26CD38040,2018Q4
COL06CD11482,2018Q4
COL06CD12258,2018Q4
COL06CD12662,2018Q4
COL06CD12787,2018Q4
COL06CD12852,2018Q4
COL06CD13025,2018Q4
COL06CD13066,2018Q4
COL06CD13603,2018Q4
COL06CD14445,2018Q4
COL06CD15095,2018Q4
COL06CD15285,2018Q4
COL06CD15319,2018Q4
COL06CD15343,2018Q4
COL06CD15368,2018Q4
COL06CD15376,2018Q4
COL06CD15418,2018Q4
COL06CD15459,2018Q4
COL06CD15467,2018Q4
COL06CD15541,2018Q4
COL06CD15574,2018Q4
COL06CD15715,2018Q4
COL06CD15988,2018Q4
COL06CD16283,2018Q4
COL06CD16341,2018Q4
COL06CD16358,2018Q4
COL06CD16366,2018Q4
COL06CD16374,2018Q4
COL06CD16382,2018Q4
COL06CD16416,2018Q4
COL06CD16440,2018Q4
COL06CD16929,2018Q4
COL06CD16945,2018Q4
COL06CD16952,2018Q4
COL06CD17026,2018Q4
COL06CD17042,2018Q4
COL06CD17059,2018Q4
COL06CD17091,2018Q4
COL06CD17125,2018Q4
COL06CD17232,2018Q4
COL06CD17331,2018Q4
COL06CD17497,2018Q4
COL06CD17620,2018Q4
COL06CD17877,2018Q4
COT80CH02175,2018Q4
COT80CH02480,2018Q4
COB13CD38375,2018Q4
COB06CD0YGS6,2018Q4
COB01CD05HN3,2018Q4
COB13CD37112,2018Q4
COB06CD09131,2018Q4
COB07CD052T9,2018Q4
COB06CD10EC2,2018Q4
COB13CD36585,2018Q4
COB13CD37211,2018Q4
COL06CD10393,2018Q4
COB13CD37278,2018Q4
COB52CD43092,2018Q4
COB51CD027U4,2018Q4
COB19CD0MXI2,2018Q4
COB51CD88594,2018Q4
COB13CD56831,2018Q4
COB19CD0OOK3,2018Q4
COB19CD0QIU9,2018Q4
COB06CD14A36,2018Q4
COB13CD59629,2018Q4
COB07CD077C2,2018Q4
COL06CD14957,2018Q4
COB01CD05E38,2018Q4
COB02CD19246,2018Q4
COB02CD20574,2018Q4
COB07CD07FF6,2018Q4
COB51CD02MI5,2018Q4
COB07CD07GA5,2018Q4
COB07CD07PM1,2018Q4
COB01CD06VU7,2018Q4
COB07CD07SH5,2018Q4
COJ05CD02KU3,2018Q4
COB51CD01P79,2018Q4
COB51CD02HG9,2018Q4
COB02CD21515,2018Q4
COB56CD12ON9,2018Q4
COB07CD06CV2,2018Q4
COB51CD02WU9,2018Q4
COJ12CD0PU03,2018Q4
COB51CD01G47,2018Q4
COJ10CD25801,2018Q4
COB07CD07Z84,2018Q4
COJ10CD26023,2018Q4
COL06CD15640,2018Q4
COB51CD027D0,2018Q4
COB51CD01ER5,2018Q4
COB19CD0QKZ4,2018Q4
COB51CD01T91,2018Q4
COB19CD0VO05,2018Q4
COJ12CD0PV77,2018Q4
COB01CD079M3,2018Q4
COB06CD19K39,2018Q4
COB01CD07C04,2018Q4
COJ70CD62063,2018Q4
COJ26CD42935,2018Q4
COB51CD039L8,2018Q4
COB01CD07CS9,2018Q4
COJ1FCD05430,2018Q4
COB07CD08K64,2018Q4
COB02CD22588,2018Q4
COB51CD02PG2,2018Q4
COB51CD02QA3,2018Q4
COB01CD07G00,2018Q4
COJ12CD0PW43,2018Q4
COJ05CD02WT0,2018Q4
COJ26CD43172,2018Q4
COB51CD03FU2,2018Q4
COB51CD03FX6,2018Q4
COB51CD03GI5,2018Q4
COB51CD03HN3,2018Q4
COB07CD06WE6,2018Q4
COJ10CD29894,2018Q4
COB51CD03EB5,2018Q4
COB02CD23438,2018Q4
COB51CD01JI3,2018Q4
COB01CD07PA9,2018Q4
COB01CD07Q08,2018Q4
COB01CD04VZ1,2018Q4
COB01CD067Z0,2018Q4
COB19CD10LV0,2018Q4
COB19CD10P04,2018Q4
COB51CD01AN2,2018Q4
COB12CD027V0,2018Q4
COB06CD1CNR8,2018Q4
COJ46CD0DRG6,2018Q4
COB12CD028H7,2018Q4
COB06CD1CQB5,2018Q4
COJ1FCD06032,2018Q4
COJ70CD64804,2018Q4
COB19CD11WF8,2018Q4
COB01CD05DJ0,2018Q4
COB51CD03TZ2,2018Q4
COB06CD1D7C1,2018Q4
COB01CD073S3,2018Q4
COB02CD24055,2018Q4
COB07CD09FQ9,2018Q4
COB02CD24105,2018Q4
COB06CD1DC07,2018Q4
COB06CD1B3Q2,2018Q4
COL06CD16861,2018Q4
COB19CD0WUU2,2018Q4
COB19CD12NL3,2018Q4
COB19CD0SFE5,2018Q4
COB19CD0V687,2018Q4
COB13CD66061,2018Q4
COB01CD07CQ3,2018Q4
COB31CD07216,2018Q4
COB51CD03HV6,2018Q4
COB51CD03HI3,2018Q4
COJ70CD65967,2018Q4
COJ26CD43818,2018Q4
COB51CD03ZP0,2018Q4
COL06CD17117,2018Q4
COL06CD14247,2018Q4
COB51CD03GU0,2018Q4
COB12CD02G02,2018Q4
COB51CD041G4,2018Q4
COJ26CD42737,2018Q4
COB02CD25219,2018Q4
COB02CD22695,2018Q4
COJ12CD0PZ65,2018Q4
COB51CD042Y5,2018Q4
COL06CD17224,2018Q4
COB01CD04JZ6,2018Q4
COB51CD043Q9,2018Q4
COJ26CD43925,2018Q4
COB19CD14RR7,2018Q4
COB06CD1EKU4,2018Q4
COB59CD14775,2018Q4
COB06CD1ENM5,2018Q4
COJ05CD03LS3,2018Q4
COB02CD25524,2018Q4
COB07CD01NB2,2018Q4
COL06CD17315,2018Q4
COB07CD09WH3,2018Q4
COB63CD0HPQ6,2018Q4
COB63CD0HPP8,2018Q4
COB52CD55013,2018Q4
COJ05CD03HK8,2018Q4
COB52CD55047,2018Q4
COB07CD09XP4,2018Q4
COB19CD00MR7,2018Q4
COB51CD02IE2,2018Q4
COB06CD122E3,2018Q4
COB07CD09QA0,2018Q4
COB06CD1EXD3,2018Q4
COB51CD02NY0,2018Q4
COB07CD09AT4,2018Q4
COB07CD075M5,2018Q4
COB13CD37260,2018Q4
COB07CD07KR1,2018Q4
COB06CD1F7F2,2018Q4
COL06CD16556,2018Q4
COL06CD17653,2018Q4
COB07CD0A396,2018Q4
COB01CD052H0,2018Q4
COB06CD1FFG0,2018Q4
COB07CD09HU7,2018Q4
COB01CD08EK0,2018Q4
COJ1GCD00447,2018Q4
COJ1GCD00462,2018Q4
COJ1GCD00470,2018Q4
COJ1GCD00504,2018Q4
COJ1GCD00512,2018Q4
COB01CD05MQ6,2018Q4
COB01CD05C71,2018Q4
COB07CD078W8,2018Q4
COB19CD0SGB9,2018Q4
COB51CD02V96,2018Q4
COB02CD21473,2018Q4
COB51CD01TP7,2018Q4
COB13CD05YX2,2018Q4
COB02CD22158,2018Q4
COB02CD22554,2018Q4
COB13CD71707,2018Q4
COB01CD07HS8,2018Q4
COB51CD03F79,2018Q4
COB07CD00DA7,2018Q4
COB02CD23354,2018Q4
COB01CD04ZS7,2018Q4
COB19CD102P6,2018Q4
COB13CD0AED4,2018Q4
COB51CD01PX9,2018Q4
COB51CD03RE1,2018Q4
COB51CD01FX0,2018Q4
COB07CD09B98,2018Q4
COB01CD05U46,2018Q4
COB19CD0VK33,2018Q4
COB02CD23289,2018Q4
COB02CD22091,2018Q4
COB02CD22026,2018Q4
COB19CD0U853,2018Q4
COB01CD05AQ1,2018Q4
COB07CD09E12,2018Q4
COB23CD55196,2018Q4
COB07CD05HQ3,2018Q4
COB19CD125C5,2018Q4
COB52CD54263,2018Q4
COB19CD14BO8,2018Q4
COB19CD14JZ7,2018Q4
COB13CD05EF1,2018Q4
COB19CD0W7X8,2018Q4
COB13CD37005,2018Q4
COB07CD0AFN8,2018Q4
COB07CD05VR2,2018Q4
COB13CD68497,2018Q4
COB13CD78827,2018Q4
COJ26CD42919,2018Q4
COJ1FCD05711,2018Q4
COJ1FCD05786,2018Q4
COB61CD1VQM4,2018Q4
COJ46CD0DLK1,2018Q4
COJ1FCD05919,2018Q4
COB63CD0GGK0,2018Q4
COB61CD1WJI5,2018Q4
COJ46CD0DQJ2,2018Q4
COB13CD0AOL6,2018Q4
COB51CD01O96,2018Q4
COB68CD04Y84,2018Q4
COJ1BCD34876,2018Q4
COB68CD054R5,2018Q4
COB63CD0CU73,2018Q4
COJ1BCD35675,2018Q4
COB68CD061O7,2018Q4
COJ11CD22848,2018Q4
COB53CD00CK2,2018Q4
COB63CD0HUC6,2018Q4
COJ10CD37368,2018Q4
COB52CD53059,2018Q4
COB52CD55732,2018Q4
COB52CD48828,2018Q4
COB52CD54420,2018Q4
COB52CD54974,2018Q4
COB07CD45141,2018Q4
COB07CD073F4,2018Q4
COB07CD09GB9,2018Q4
COB07CD09U53,2018Q4
COB07CD09Z82,2018Q4
COB07CD018A0,2018Q4
COB07CD0ADW4,2018Q4
COB07CD0AG21,2018Q4
COB13CD55809,2018Q4
COB13CD63738,2018Q4
COB13CD05YW4,2018Q4
COB13CD42849,2018Q4
COB13CD0FC93,2018Q4
COB13CD0FEA9,2018Q4
COB01CD059P8,2018Q4
COB01CD08HF3,2018Q4
COB01CD05N78,2018Q4
COB01CD05OI9,2018Q4
COB01CD06QO0,2018Q4
COB01CD05D39,2018Q4
COB01CD070O8,2018Q4
COB01CD05IH3,2018Q4
COB19CD0KR54,2018Q4
COB19CD10B42,2018Q4
COB19CD0T4F7,2018Q4
COB19CD14BM2,2018Q4
COB51CD03LV8,2018Q4
COB51CD028P2,2018Q4
COB51CD03Z67,2018Q4
COB51CD041M2,2018Q4
COB51CD041X9,2018Q4
COB51CD01Y52,2018Q4
COB51CD03GM7,2018Q4
COB51CD03JF5,2018Q4
COB51CD019X5,2018Q4
COB51CD02OW2,2018Q4
COB51CD03FL1,2018Q4
COB51CD02HR6,2018Q4
COB63CD0CH21,2018Q4
COB63CD0CWO8,2018Q4
COB63CD0GQC6,2018Q4
COL06CD13785,2018Q4
COL06CD14536,2018Q4
COL06CD17638,2018Q4
COB07CD008C7,2018Q4
COB07CD00CW3,2018Q4
COB07CD07LP3,2018Q4
COB07CD085U7,2018Q4
COB07CD050P1,2018Q4
COB07CD099N3,2018Q4
COB02CD17984,2018Q4
COB06CD103P9,2018Q4
COB06CD19F36,2018Q4
COB06CD16LA8,2018Q4
COB06CD19K62,2018Q4
COB06CD1BUI4,2018Q4
COB06CD1CJ27,2018Q4
COL06CD14924,2018Q4
COL06CD19832,2018Q4
COL06CD19758,2018Q4
COL06CD09890,2018Q4
COL06CD17539,2018Q4
COB07CD0C3K3,2018Q4
COB07CD0AN97,2018Q4
COB07CD01AM6,2018Q4
COB07CD0DH50,2018Q4
COB02CD27025,2018Q4
COB02CD28445,2018Q4
COB02CD29393,2018Q4
COB02CD31662,2018Q4
COB02CD26951,2018Q4
COB02CD28262,2018Q4
COB02CD24881,2018Q4
COB06CD1L0A0,2018Q4
COB06CD1GDX8,2018Q4
COB52CD47457,2018Q4
COB13CD39019,2018Q4
COB01CD04YS0,2018Q4
COB01CD059D4,2018Q4
COB23CD17329,2018Q4
COB19CD0XYV0,2018Q4
COB51CD03V38,2018Q4
COB51CD03UD7,2018Q4
COB51CD01JJ1,2018Q4
COB63CD0GMH4,2018Q4
COB07CD009Q5,2018Q4
COB06CD10R80,2018Q4
COL06CD17562,2018Q4
COB02CD27850,2018Q4
COB01CD04JU7,2018Q4
COB01CD051V3,2018Q4
COB01CD052F4,2018Q4
COB01CD053D7,2018Q4
COB01CD054L8,2018Q4
COB01CD059O1,2018Q4
COB01CD05BJ4,2018Q4
COB01CD05IG5,2018Q4
COB01CD05IP6,2018Q4
COB01CD05KI7,2018Q4
COB01CD05KK3,2018Q4
COB01CD05KL1,2018Q4
COB01CD05KO5,2018Q4
COB01CD05N03,2018Q4
COB01CD05VJ2,2018Q4
COB01CD05W28,2018Q4
COB01CD05Z33,2018Q4
COB01CD05Z82,2018Q4
COB01CD064J1,2018Q4
COB01CD065K6,2018Q4
COB01CD067B1,2018Q4
COB01CD067M8,2018Q4
COB01CD067Y3,2018Q4
COB01CD068L8,2018Q4
COB01CD068O2,2018Q4
COB01CD06FI5,2018Q4
COB01CD06G84,2018Q4
COB01CD06JA4,2018Q4
COB01CD06JQ0,2018Q4
COB01CD078K9,2018Q4
COB01CD07GI1,2018Q4
COB01CD07VH2,2018Q4
COB01CD081T4,2018Q4
COB01CD082F1,2018Q4
COB01CD082G9,2018Q4
COB01CD082V8,2018Q4
COB01CD088O0,2018Q4
COB01CD08D10,2018Q4
COB02CD19436,2018Q4
COB02CD19477,2018Q4
COB02CD19568,2018Q4
COB02CD19816,2018Q4
COB02CD20210,2018Q4
COB02CD20228,2018Q4
COB02CD20590,2018Q4
COB02CD21002,2018Q4
COB02CD22224,2018Q4
COB02CD23073,2018Q4
COB02CD23149,2018Q4
COB02CD24287,2018Q4
COB02CD24311,2018Q4
COB02CD24352,2018Q4
COB02CD24386,2018Q4
COB02CD24915,2018Q4
COB02CD25003,2018Q4
COB02CD25268,2018Q4
COB02CD25318,2018Q4
COB02CD25326,2018Q4
COB02CD25409,2018Q4
COB02CD25987,2018Q4
COB02CD26035,2018Q4
COB06CD0HO59,2018Q4
COB06CD0PH17,2018Q4
COB06CD0VGI3,2018Q4
COB06CD0VIW0,2018Q4
COB06CD0YUN8,2018Q4
COB06CD13BW0,2018Q4
COB06CD14NQ5,2018Q4
COB06CD14RH5,2018Q4
COB06CD15JP2,2018Q4
COB06CD166B6,2018Q4
COB06CD17IF1,2018Q4
COB06CD17IG9,2018Q4
COB06CD18S24,2018Q4
COB06CD19DO0,2018Q4
COB06CD19LM7,2018Q4
COB06CD19N10,2018Q4
COB06CD19QY1,2018Q4
COB06CD19U45,2018Q4
COB06CD19UY3,2018Q4
COB06CD1APF2,2018Q4
COB06CD1B575,2018Q4
COB06CD1BEQ1,2018Q4
COB06CD1BPR5,2018Q4
COB06CD1C9K1,2018Q4
COB06CD1CJM7,2018Q4
COB06CD1CJN5,2018Q4
COB06CD1CNY4,2018Q4
COB06CD1CQE9,2018Q4
COB06CD1CVT7,2018Q4
COB06CD1DPF6,2018Q4
COB06CD1E3K2,2018Q4
COB06CD1E8N5,2018Q4
COB06CD1EC63,2018Q4
COB06CD1EIY0,2018Q4
COB06CD1EOL5,2018Q4
COB06CD1EOM3,2018Q4
COB06CD1EQL0,2018Q4
COB06CD1EQM8,2018Q4
COB06CD1ETF6,2018Q4
COB06CD1F9G6,2018Q4
COB06CD1FJ16,2018Q4
COB06CD1FJ24,2018Q4
COB06CD1FRK7,2018Q4
COB07CD006E7,2018Q4
COB07CD01L78,2018Q4
COB07CD03FK5,2018Q4
COB07CD04O49,2018Q4
COB07CD04OD0,2018Q4
COB07CD04QJ2,2018Q4
COB07CD05JQ9,2018Q4
COB07CD05L17,2018Q4
COB07CD05LI2,2018Q4
COB07CD05PX2,2018Q4
COB07CD05XS6,2018Q4
COB07CD06BI1,2018Q4
COB07CD07BH1,2018Q4
COB07CD07GO6,2018Q4
COB07CD07GQ1,2018Q4
COB07CD07JR3,2018Q4
COB07CD07K81,2018Q4
COB07CD07M97,2018Q4
COB07CD07PU4,2018Q4
COB07CD07PV2,2018Q4
COB07CD07W38,2018Q4
COB07CD07X94,2018Q4
COB07CD082A6,2018Q4
COB07CD08AA6,2018Q4
COB07CD08AO7,2018Q4
COB07CD08AP4,2018Q4
COB07CD08FF4,2018Q4
COB07CD08OL4,2018Q4
COB07CD08P10,2018Q4
COB07CD08PI7,2018Q4
COB07CD08Q35,2018Q4
COB07CD08SR2,2018Q4
COB07CD090C5,2018Q4
COB07CD090M4,2018Q4
COB07CD090S1,2018Q4
COB07CD091D1,2018Q4
COB07CD09A65,2018Q4
COB07CD09AE6,2018Q4
COB07CD09CT0,2018Q4
COB07CD09FN6,2018Q4
COB07CD09HK8,2018Q4
COB07CD09IA7,2018Q4
COB07CD09IM2,2018Q4
COB07CD09M95,2018Q4
COB07CD09U46,2018Q4
COB07CD09Y18,2018Q4
COB07CD0A1D4,2018Q4
COB07CD44722,2018Q4
COB12CD00P94,2018Q4
COB12CD00ZQ6,2018Q4
COB12CD015Z6,2018Q4
COB12CD01A25,2018Q4
COB12CD01J00,2018Q4
COB12CD01J59,2018Q4
COB12CD01JC8,2018Q4
COB12CD01JZ9,2018Q4
COB12CD01NE6,2018Q4
COB12CD021E9,2018Q4
COB12CD02IU0,2018Q4
COB12CD02KL5,2018Q4
COB12CD02OJ1,2018Q4
COB12CD33121,2018Q4
COB12CD43609,2018Q4
COB12CD68127,2018Q4
COB13CD009O2,2018Q4
COB13CD00B32,2018Q4
COB13CD00CN0,2018Q4
COB13CD00CQ3,2018Q4
COB13CD01PA7,2018Q4
COB13CD05YU8,2018Q4
COB13CD09970,2018Q4
COB13CD15324,2018Q4
COB13CD25687,2018Q4
COB13CD33301,2018Q4
COB13CD33715,2018Q4
COB13CD33954,2018Q4
COB13CD37062,2018Q4
COB13CD37245,2018Q4
COB13CD37369,2018Q4
COB13CD37575,2018Q4
COB13CD38201,2018Q4
COB13CD38573,2018Q4
COB13CD38672,2018Q4
COB13CD38961,2018Q4
COB13CD38995,2018Q4
COB13CD40876,2018Q4
COB13CD42807,2018Q4
COB13CD46634,2018Q4
COB13CD46808,2018Q4
COB13CD46980,2018Q4
COB13CD46998,2018Q4
COB13CD47756,2018Q4
COB13CD52962,2018Q4
COB13CD54158,2018Q4
COB13CD56443,2018Q4
COB13CD56815,2018Q4
COB13CD58951,2018Q4
COB13CD59256,2018Q4
COB13CD61294,2018Q4
COB13CD62979,2018Q4
COB13CD63670,2018Q4
COB13CD66160,2018Q4
COB13CD66459,2018Q4
COB13CD68554,2018Q4
COB13CD68836,2018Q4
COB13CD74834,2018Q4
COB13CD76730,2018Q4
COB13CD77696,2018Q4
COB13CD84197,2018Q4
COB13CD88107,2018Q4
COB13CD88164,2018Q4
COB13CD88248,2018Q4
COB19CD0MOS0,2018Q4
COB19CD0NEQ3,2018Q4
COB19CD0NGA2,2018Q4
COB19CD0NOO7,2018Q4
COB19CD0O7E8,2018Q4
COB19CD0OUA1,2018Q4
COB19CD0RJZ4,2018Q4
COB19CD0TLI2,2018Q4
COB19CD0TMU5,2018Q4
COB19CD0U6B8,2018Q4
COB19CD0VBG3,2018Q4
COB19CD0WTC2,2018Q4
COB19CD0XL06,2018Q4
COB19CD10BD9,2018Q4
COB19CD10EC5,2018Q4
COB19CD125B7,2018Q4
COB19CD141T6,2018Q4
COB19CD147F2,2018Q4
COB19CD14GI9,2018Q4
COB19CD14RN6,2018Q4
COB19CD14SG8,2018Q4
COB19CD14WG0,2018Q4
COB19CD151T5,2018Q4
COB23CD12791,2018Q4
COB23CD12809,2018Q4
COB23CD15455,2018Q4
COB23CD16438,2018Q4
COB23CD43440,2018Q4
COB23CD47110,2018Q4
COB23CD51245,2018Q4
COB23CD51260,2018Q4
COB23CD51286,2018Q4
COB23CD51344,2018Q4
COB23CD55253,2018Q4
COB23CD56673,2018Q4
COB23CD58166,2018Q4
COB23CD58182,2018Q4
COB31CD06689,2018Q4
COB31CD06705,2018Q4
COB31CD06721,2018Q4
COB31CD06911,2018Q4
COB31CD07117,2018Q4
COB31CD07257,2018Q4
COB51CD01BR1,2018Q4
COB51CD01C33,2018Q4
COB51CD01F14,2018Q4
COB51CD01FN1,2018Q4
COB51CD01H95,2018Q4
COB51CD01JT0,2018Q4
COB51CD01K09,2018Q4
COB51CD01MD8,2018Q4
COB51CD01MI7,2018Q4
COB51CD01OL7,2018Q4
COB51CD01PZ4,2018Q4
COB51CD01SY1,2018Q4
COB51CD01SZ8,2018Q4
COB51CD01UT7,2018Q4
COB51CD01YO0,2018Q4
COB51CD01YP7,2018Q4
COB51CD02BC1,2018Q4
COB51CD02DZ8,2018Q4
COB51CD02GH9,2018Q4
COB51CD02GK3,2018Q4
COB51CD02GP2,2018Q4
COB51CD02KE8,2018Q4
COB51CD02LV0,2018Q4
COB51CD02PB3,2018Q4
COB51CD02XI2,2018Q4
COB51CD03AG2,2018Q4
COB51CD03CW5,2018Q4
COB51CD03FI7,2018Q4
COB51CD03GP0,2018Q4
COB51CD03IZ5,2018Q4
COB51CD03RN2,2018Q4
COB51CD03S33,2018Q4
COB51CD03S58,2018Q4
COB51CD03U96,2018Q4
COB51CD03YM0,2018Q4
COB51CD040H4,2018Q4
COB51CD041C3,2018Q4
COB51CD044I4,2018Q4
COB51CD048M7,2018Q4
COB51CD04AS5,2018Q4
COB51CD49836,2018Q4
COB52CD34943,2018Q4
COB52CD43027,2018Q4
COB52CD43142,2018Q4
COB52CD47010,2018Q4
COB52CD47200,2018Q4
COB52CD47291,2018Q4
COB52CD47309,2018Q4
COB52CD47663,2018Q4
COB52CD47804,2018Q4
COB52CD48141,2018Q4
COB52CD48661,2018Q4
COB52CD48810,2018Q4
COB52CD48968,2018Q4
COB52CD49008,2018Q4
COB52CD49073,2018Q4
COB52CD52002,2018Q4
COB52CD53208,2018Q4
COB52CD53901,2018Q4
COB52CD54065,2018Q4
COB52CD54917,2018Q4
COB52CD54925,2018Q4
COB52CD54933,2018Q4
COB52CD55781,2018Q4
COB53CD00IW4,2018Q4
COB53CD99746,2018Q4
COB56CD0UWX0,2018Q4
COB56CD12PT3,2018Q4
COB56CD12W80,2018Q4
COB56CD14JR6,2018Q4
COB56CD17IW1,2018Q4
COB56CD17SE8,2018Q4
COB56CD17TH9,2018Q4
COB56CD17XV2,2018Q4
COB56CD18S23,2018Q4
COB56CD18VR2,2018Q4
COB59CD13918,2018Q4
COB59CD13991,2018Q4
COB59CD16242,2018Q4
COB59CD16416,2018Q4
COB59CD17141,2018Q4
COB61CD1T9Z5,2018Q4
COB61CD1YWV7,2018Q4
COB62CD08W88,2018Q4
COB62CD0D2R4,2018Q4
COB62CD0D2V6,2018Q4
COB62CD0DC68,2018Q4
COB62CD0DC76,2018Q4
COB62CD0DPO1,2018Q4
COB62CD0DPU8,2018Q4
COB62CD0EDM9,2018Q4
COB63CD0CU81,2018Q4
COB63CD0ERK2,2018Q4
COB63CD0H665,2018Q4
COB64CD03L50,2018Q4
COB64CD06NY4,2018Q4
COB65CD00581,2018Q4
COB65CD00664,2018Q4
COB65CD00722,2018Q4
COB66CD55781,2018Q4
COB66CD57522,2018Q4
COB68CD04II3,2018Q4
COB68CD04IP8,2018Q4
COB68CD054Q7,2018Q4
COB68CD066L2,2018Q4
COB68CD06IX7,2018Q4
COB68CD07AH5,2018Q4
COB68CD85123,2018Q4
COB74CB00017,2018Q4
COB74CB00041,2018Q4
COB74CD00260,2018Q4
COB74CD00427,2018Q4
COJ05CD03QG7,2018Q4
COJ0WCD03903,2018Q4
COJ0WCD03929,2018Q4
COJ12CD0PKR2,2018Q4
COJ12CD0POI3,2018Q4
COJ12CD0POP8,2018Q4
COJ12CD0PQ25,2018Q4
COJ12CD0PTT9,2018Q4
COJ12CD0PU94,2018Q4
COJ12CD0Q0C3,2018Q4
COJ1GCD00306,2018Q4
COJ1GCD00314,2018Q4
COJ1GCD00330,2018Q4
COJ1GCD00348,2018Q4
COJ1GCD00389,2018Q4
COJ26CD43016,2018Q4
COJ70CD62568,2018Q4
COJ70CD66262,2018Q4
COJ70CD66668,2018Q4
COJ70CD66676,2018Q4
COL06CD13595,2018Q4
COT80CH02522,2018Q4
COT80PT00010,2018Q4
COB31CD07018,2018Q4
COB01CD05IA8,2018Q4
COB31CD06655,2018Q4
COB02CD22075,2018Q4
COB02CD22109,2018Q4
COB02CD22422,2018Q4
COB19CD0QW10,2018Q4
COB19CD0XOU3,2018Q4
COB52CD47408,2018Q4
COB51CD92182,2018Q4
COL06CD14189,2018Q4
COL06CD16002,2018Q4
COL06CD16218,2018Q4
COL06CD16937,2018Q4
COL06CD17141,2018Q4
COB52CD47481,2018Q4
COB52CD52598,2018Q4
COB52CD52606,2018Q4
COB52CD54156,2018Q4
COB07CD08JX9,2018Q4
COB51CD01HP2,2018Q4
COB51CD01IS4,2018Q4
COB51CD01J28,2018Q4
COB51CD01K41,2018Q4
COB51CD03K64,2018Q4
COB51CD03PI6,2018Q4
COB51CD03XW1,2018Q4
COB23CD53373,2018Q4
COB02CD23420,2018Q4
COB02CD23826,2018Q4
COB02CD25243,2018Q4
COB19CD0ZQT5,2018Q4
COL06CD12613,2018Q4
COL06CD16846,2018Q4
COJ05CD02YD0,2018Q4
COB01CD05SP5,2018Q4
COB01CD080Y6,2018Q4
COB01CD081U2,2018Q4
COB07CD060Q8,2018Q4
COB13CD09137,2018Q4
COB01CD06SM0,2018Q4
COB01CD054Y1,2018Q4
COB02CD08983,2018Q4
COB02CD21499,2018Q4
COB07CD43310,2018Q4
COB51CD01Y03,2018Q4
COB51CD03PH8,2018Q4
COB12CD02I83,2018Q4
COB12CD02M53,2018Q4
COB12CD02OT0,2018Q4
COB19CD0T5M0,2018Q4
COB19CD17N58,2018Q4
COB13CD85368,2018Q4
COB13CD05OQ7,2018Q4
COB13CD09HX9,2018Q4
COB02CD25417,2018Q4
COB01CD07X66,2018Q4
COB07CD04UT3,2018Q4
COB07CD086J8,2018Q4
COB07CD019Y8,2018Q4
COB07CD09OX7,2018Q4
COB07CD0AAG3,2018Q4
COB52CD47093,2018Q4
COB52CD56482,2018Q4
COL06CD15590,2018Q4
COL06CD15632,2018Q4
COJ70CD67062,2018Q4
COB01CD04YB6,2018Q4
COB13CD58738,2018Q4
COL06CD15442,2018Q4
COB51CD01KJ9,2018Q4
COB51CD01NI5,2018Q4
COB02CD24667,2018Q4
COB19CD0JOV0,2018Q4
COB01CD04IO2,2018Q4
COB31CD03389,2018Q4
COB19CD14RU1,2018Q4
COB13CD05QC2,2018Q4
COB01CD05TJ6,2018Q4
COB01CD06FL9,2018Q4
COB01CD05IR2,2018Q4
COB07CD09PR6,2018Q4
COB01CD05IQ4,2018Q4
COB31CD06564,2018Q4
COB19CD0TE43,2018Q4
COL06CD13009,2018Q4
COL06CD13702,2018Q4
COL06CD16267,2018Q4
COL06CD16481,2018Q4
COL06CD17281,2018Q4
COL06CD17422,2018Q4
COL06CD17430,2018Q4
COB07CD09XI9,2018Q4
COB13CD58464,2018Q4
COB13CD05UF7,2018Q4
COB51CD01EH6,2018Q4
COB02CD23099,2018Q4
COB02CD24444,2018Q4
COB02CD24824,2018Q4
COB19CD14BQ3,2018Q4
COB19CD14EG8,2018Q4
COB56CD155D4,2018Q4
COL06CD15624,2018Q4
COB01CD05OQ2,2018Q4
COB07CD07Y85,2018Q4
COB01CD05Y83,2018Q4
COB01CD57388,2018Q4
COB01CD57370,2018Q4
COL06CD16549,2018Q4
COB51CD03P10,2018Q4
COB23CD10860,2018Q4
COB02CD22125,2018Q4
COB51CD01QA5,2018Q4
COB51CD01U98,2018Q4
COB51CD03L63,2018Q4
COB51CD03LA2,2018Q4
COL06CD17802,2018Q4
COB23CD47334,2018Q4
COB23CD56178,2018Q4
COB12CD02MR8,2018Q4
COB19CD0TA39,2018Q4
COB19CD14SK0,2018Q4
COB13CD05MX7,2018Q4
COB13CD07Y53,2018Q4
COB13CD0D3D5,2018Q4
COB13CD0DPF9,2018Q4
COB01CD08B12,2018Q4
COB01CD08KK7,2018Q4
COB01CD08MF3,2018Q4
COB01CD08NK1,2018Q4
COB01CD08NS4,2018Q4
COB07CD07XE2,2018Q4
COB07CD07J76,2018Q4
COB07CD09E38,2018Q4
COB07CD0A6Z6,2018Q4
COB52CD48349,2018Q4
COB52CD43043,2018Q4
COB52CD47333,2018Q4
COB51CD01C17,2018Q4
COB51CD02C81,2018Q4
COB51CD01BG4,2018Q4
COB51CD03KI7,2018Q4
COB06CD1EGX6,2018Q4
COB13CD0FAA7,2018Q4
COB07CD09G85,2018Q4
COB07CD09K55,2018Q4
COB07CD0A3Z3,2018Q4
COB66CD58207,2018Q4
COJ1BCD37358,2018Q4
COB51CD03GO3,2018Q4
COL06CD16424,2018Q4
COB51CD02RG8,2018Q4
COB07CD08IC5,2018Q4
COB06CD19Q58,2018Q4
COB06CD1E8G9,2018Q4
COB01CD065C3,2018Q4
COB31CD07067,2018Q4
COB51CD03HP8,2018Q4
COB06CD1EHV8,2018Q4
COB06CD1ETN0,2018Q4
COL06CD16655,2018Q4
COB51CD01MW8,2018Q4
COB19CD13OL9,2018Q4
COB51CD033M9,2018Q4
COB07CD091W1,2018Q4
COB19CD0TZG6,2018Q4
COB01CD08BP5,2018Q4
COB65CD00623,2018Q4
COB06CD1CAW5,2018Q4
COB07CD07LM0,2018Q4
COB06CD10J98,2018Q4
COB07CD07LA5,2018Q4
COB06CD1BSN8,2018Q4
COB02CD25599,2018Q4
COB07CD07WE4,2018Q4
COB19CD0XOV1,2018Q4
COB06CD1BSO6,2018Q4
COB19CD0YSL1,2018Q4
COB19CD0TZH4,2018Q4
COB19CD11A00,2018Q4
COJ12CD0PZV2,2018Q4
COB06CD1BSM0,2018Q4
COJ12CD0PVU3,2018Q4
COL06CD16127,2018Q4
COB51CD03N04,2018Q4
COB52CD53133,2018Q4
COB01CD07BV5,2018Q4
COB51CD041D1,2018Q4
COB07CD08PS6,2018Q4
COB51CD02EV5,2018Q4
COB51CD01LK5,2018Q4
COB51CD02PC1,2018Q4
COJ26CD44048,2018Q4
COB51CD01YX1,2018Q4
COB01CD07O00,2018Q4
COB31CD07133,2018Q4
COB19CD0ZP42,2018Q4
COB12CD02GD0,2018Q4
COB12CD02HE6,2018Q4
COB01CD07PZ6,2018Q4
COL06CD14254,2018Q4
COB51CD042A5,2018Q4
COB51CD02CM8,2018Q4
COJ12CD0PW27,2018Q4
COB51CD02PA5,2018Q4
COB51CD02F96,2018Q4
COJ05CD03N86,2018Q4
COJ26CD42745,2018Q4
COB51CD01Z28,2018Q4
COB06CD18KL3,2018Q4
COJ26CD42927,2018Q4
COB19CD0ZYM4,2018Q4
COB51CD01G96,2018Q4
COB19CD141U4,2018Q4
COB06CD1C9J3,2018Q4
COB19CD13N11,2018Q4
COB51CD03Q84,2018Q4
COB19CD11MS2,2018Q4
COB52CD53182,2018Q4
COB02CD23180,2018Q4
COB07CD07WJ3,2018Q4
COB19CD0ZN51,2018Q4
COB31CD03421,2018Q4
COB01CD04WR6,2018Q4
COB07CD07FC3,2018Q4
COJ26CD44055,2018Q4
COB19CD0W5M5,2018Q4
COB06CD18WX3,2018Q4
COB01CD05KA4,2018Q4
COB56CD16AX8,2018Q4
COJ26CD42950,2018Q4
COB06CD1E3J4,2018Q4
COB13CD77753,2018Q4
COB51CD03Q76,2018Q4
COL06CD15483,2018Q4
COJ1GCD00140,2018Q4
COB51CD047O5,2018Q4
COL06CD16333,2018Q4
COL06CD16457,2018Q4
COB06CD0U9P9,2018Q4
COB07CD09EY6,2018Q4
COB06CD10IN0,2018Q4
COB51CD01IA2,2018Q4
COL06CD16622,2018Q4
COB19CD0VRE4,2018Q4
COB19CD0ZP34,2018Q4
COB01CD05A73,2018Q4
COB19CD0ZYN2,2018Q4
COB19CD0ZZI9,2018Q4
COJ12CD0PZX8,2018Q4
COB19CD147E5,2018Q4
COL06CD12902,2018Q4
COB31CD07083,2018Q4
COL06CD16317,2018Q4
COB01CD07P90,2018Q4
COB62CD0DJS5,2018Q4
COB59CD15186,2018Q4
COB62CD0B2M7,2018Q4
COB07CD007P1,2018Q4
COB68CD05UK1,2018Q4
COB53CD007U4,2018Q4
COB59CD16465,2018Q4
COB68CD05UL9,2018Q4
COB51CD01S76,2018Q4
COL06CD14338,2018Q4
COB19CD0U424,2018Q4
COB51CD03FH9,2018Q4
COB06CD1EIV6,2018Q4
COB07CD07JS1,2018Q4
COB64CD074J4,2018Q4
COB62CD0DJT3,2018Q4
COB68CD06ND9,2018Q4
COB68CD06LE1,2018Q4
COB07CD07LQ1,2018Q4
COB02CD24071,2018Q4
COB01CD07IJ5,2018Q4
COJ1GCD00231,2018Q4
COB02CD23362,2018Q4
COB01CD05XN0,2018Q4
COJ70CD63335,2018Q4
COB02CD25375,2018Q4
COL06CD16663,2018Q4
COB06CD19DM4,2018Q4
COB56CD18EA4,2018Q4
COB01CD07Q16,2018Q4
COB19CD144N3,2018Q4
COB68CD05NK6,2018Q4
COJ26CD43313,2018Q4
COJ26CD43321,2018Q4
COB12CD00JK3,2018Q4
COJ1FCD05463,2018Q4
COB68CD04RH6,2018Q4
COB68CD00ZJ3,2018Q4
COB31CD03413,2018Q4
COB68CD03SX3,2018Q4
COJ1FCD06040,2018Q4
COB01CD05N29,2018Q4
COB07CD07L80,2018Q4
COB01CD050F8,2018Q4
COB68CD04EK8,2018Q4
COL06CD15004,2018Q4
COB62CD0BEE0,2018Q4
COB51CD01ZJ7,2018Q4
COJ10CD32476,2018Q4
COJ1FCD05778,2018Q4
COB63CD0G7P2,2018Q4
COB02CD23446,2018Q4
COB62CD0CYB2,2018Q4
COB68CD07LZ4,2018Q4
COB68CD03Q77,2018Q4
COB68CD059R4,2018Q4
COB68CD05CX2,2018Q4
COJ10CD33235,2018Q4
COL06CD16507,2018Q4
COB62CD0BPS6,2018Q4
COB02CD25565,2018Q4
COB68CD04HW6,2018Q4
COB63CD0EY10,2018Q4
COB62CD0B5N8,2018Q4
COB52CD47440,2018Q4
COB52CD54677,2018Q4
COB59CD14395,2018Q4
COB13CD68216,2018Q4
COB06CD1AEE9,2018Q4
COB51CD01RP1,2018Q4
COB56CD15FD1,2018Q4
COL06CD16390,2018Q4
COB53CD90117,2018Q4
COB51CD01RR7,2018Q4
COB63CD0GIX9,2018Q4
COL06CD13967,2018Q4
COB63CD0DDS7,2018Q4
COJ46CD0BAI2,2018Q4
COB51CD01C25,2018Q4
COB51CD01E23,2018Q4
COB06CD18F03,2018Q4
COB63CD0ENG9,2018Q4
COJ12CD0PLC2,2018Q4
COJ12CD0PMA4,2018Q4
COJ12CD0PND6,2018Q4
COT80CH02332,2018Q4
COJ26CD41622,2018Q4
COJ26CD42851,2018Q4
COJ26CD43156,2018Q4
COB19CD11VG8,2018Q4
COB56CD176R0,2018Q4
COB07CD05KN4,2018Q4
COB07CD01LF7,2018Q4
COB51CD01OT0,2018Q4
COB19CD11HN3,2018Q4
COB53CD98672,2018Q4
COB53CD99795,2018Q4
COJ1GCD00256,2018Q4
COJ1GCD00280,2018Q4
COL06CD14700,2018Q4
COL06CD16721,2018Q4
COB63CD0GMD3,2018Q4
COB62CD0DBK9,2018Q4
COB51CD03TO6,2018Q4
COJ26CD44014,2018Q4
COB06CD18NB8,2018Q4
COJ12CD0Q0T7,2018Q4
COB69CD18650,2018Q4
COB51CD03U88,2018Q4
COB51CD03T08,2018Q4
COB59CD16143,2018Q4
COB68CD05DB6,2018Q4
COB51CD035Q5,2018Q4
COJ11CD22749,2018Q4
COB64CD07C99,2018Q4
COB66CD56144,2018Q4
COB61CD1ZJS7,2018Q4
COB51CD043P1,2018Q4
COB53CD007V2,2018Q4
COB68CD069H4,2018Q4
COB66CD56763,2018Q4
COJ1FCD06552,2018Q4
COB13CD59413,2018Q4
COL06CD14981,2018Q4
COB06CD18KN9,2018Q4
COB63CD0GJN8,2018Q4
COL06CD15806,2018Q4
COB53CD98680,2018Q4
COL06CD13058,2018Q4
COL06CD14460,2018Q4
COB51CD95193,2018Q4
COB13CD57565,2018Q4
COB51CD01PL4,2018Q4
COB13CD60858,2018Q4
COL06CD13512,2018Q4
COB13CD88289,2018Q4
COB51CD020R5,2018Q4
COB52CD48299,2018Q4
COB52CD47903,2018Q4
COB51CD01T42,2018Q4
COB07CD08JD1,2018Q4
COB06CD1AEI0,2018Q4
COB06CD1AEF6,2018Q4
COB23CD48985,2018Q4
COB01CD07HT6,2018Q4
COB51CD02HD6,2018Q4
COB56CD15SM5,2018Q4
COB63CD0GLU9,2018Q4
COB63CD0GPD6,2018Q4
COB56CD17O85,2018Q4
COB56CD17O93,2018Q4
COB63CD0H657,2018Q4
COB51CD03TG2,2018Q4
COB63CD0HSQ0,2018Q4
COB51CD041I0,2018Q4
COB56CD1A030,2018Q4
COB52CD53869,2018Q4
MissingValue,2018Q4
CNE1000003D8,2018Q4
FR0000053951,2018Q4
FR0013215472,2018Q4
FR0013215399,2018Q4
FR0013217056,2018Q4
FR0013292703,2018Q4
US00206RFT41,2018Q4
US56585AAR32,2018Q4
US628530BG16,2018Q4
US628530BH98,2018Q4
US677050AM81,2018Q4
US68233JBJ25,2018Q4
US94988QAH48,2018Q4
USU9625RAE37,2018Q4
US92940PAC86,2018Q4
US92202X2099,2018Q4
GB00BFMBMT84,2018Q4
US9285634021,2018Q4
CA448814DF74,2018Q4
